name,score,us_modern_2010_plus,nyc_recent_2018_plus
Sophia,98808,85720,1636
Jacob,94275,79371,1863
Emma,92490,77746,1843
Isabella,91379,79251,1516
Noah,89375,68719,2582
Ethan,83762,68394,1921
Olivia,82909,69805,1638
Liam,82091,59091,2875
Mason,80144,70928,1152
Jayden,79752,68736,1377
Michael,76681,65449,1404
William,75275,67635,955
Alexander,73388,62372,1377
Ava,72533,61517,1377
Aiden,71924,59468,1557
Daniel,71266,59402,1483
Matthew,66883,55371,1439
David,64319,52039,1535
James,63447,53815,1204
Emily,62694,55134,945
Joseph,62528,51264,1408
Logan,62028,54092,992
Elijah,61920,55200,840
Anthony,61434,55010,803
Benjamin,61132,51596,1192
Mia,60117,47165,1619
Joshua,59928,53376,819
Abigail,58969,52401,821
Andrew,56621,51589,629
Lucas,56264,42864,1675
Christopher,55146,49810,667
Gabriel,55087,47871,902
Ryan,54879,45855,1128
Samuel,53938,45586,1044
Dylan,53846,42422,1428
Madison,52940,47420,690
Jackson,52567,49103,433
John,49937,43713,778
Chloe,49715,41043,1084
Nathan,48235,41851,798
Isaac,47118,38926,1024
Christian,45058,40634,553
Avery,44485,38917,696
Elizabeth,44140,39276,608
Caleb,44118,39862,532
Jonathan,43759,39087,584
Ella,43047,36967,760
Jack,40463,33103,920
Jordan,40404,37060,418
Landon,39697,38193,188
Carter,39550,36158,424
Luke,39489,35993,437
Nicholas,39243,32987,782
Angel,39142,35110,504
Sofia,38558,30526,1004
Owen,37871,33863,501
Aaron,37852,29796,1007
Henry,37786,30458,916
Evan,37481,33473,501
Riley,37337,32745,574
Tyler,36602,34010,324
Addison,36570,35890,85
Charlotte,36403,28451,994
Julian,36376,30016,795
Amelia,36136,27016,1140
Sebastian,36001,27081,1115
Isaiah,35947,32883,383
Hunter,35520,32144,422
Gavin,35480,34216,158
Grace,35480,29920,695
Leah,35124,24196,1366
Brayden,35018,33954,133
Natalie,34946,32690,282
Lily,34642,31002,455
Eli,34402,29682,590
Cameron,34263,31175,386
Adrian,34231,28735,687
Jeremiah,33773,29581,524
Hannah,33046,27982,633
Victoria,32864,27080,723
Wyatt,32717,31701,127
Charles,32580,27916,583
Brandon,32190,29510,335
Samantha,31990,29126,358
Zoe,31931,24883,881
Austin,31682,27442,530
Thomas,31531,27515,502
Alexis,31441,30609,104
Oliver,31325,23165,1020
Connor,31187,29451,217
Evelyn,31130,27010,515
Levi,30904,27176,466
Robert,30705,28017,336
Sarah,30374,21622,1094
Aubrey,30365,28885,185
Zoey,29991,26215,472
Justin,29573,25605,496
Lillian,29316,27996,165
Zachary,29244,25860,423
Layla,29077,24637,555
Kevin,29060,25940,390
Hailey,28551,24151,550
Peyton,28268,27404,108
Jose,27803,25995,226
Ayden,27522,23770,469
Adam,27355,20755,825
Brooklyn,27298,26962,42
Jason,27259,23251,501
Josiah,27055,22135,615
Ian,26794,22194,575
Gabriella,26549,22893,457
Chase,26430,23894,317
Harper,26192,24048,268
Parker,26060,24604,182
Anna,25993,22857,392
Kaylee,25199,22783,302
Dominic,24973,23149,228
Camila,24570,19130,680
Allison,24526,22110,302
Taylor,24474,23482,124
Xavier,24453,21429,378
Jaxon,24321,22305,252
Blake,24091,23219,109
Savannah,23821,21149,334
Colton,23740,23660,10
Alyssa,23664,22184,185
Nevaeh,23645,22525,140
Audrey,23197,21005,274
Aaliyah,23187,20443,343
Nathaniel,23033,19257,472
Ashley,22803,20291,314
Hayden,22710,22038,84
Bella,22143,17815,541
Brianna,21712,19888,228
Cooper,21455,20575,110
Maya,21437,15693,718
Claire,21389,19365,253
Kayden,21285,17101,523
Bentley,21279,21279,0
Arianna,21176,19160,252
Sophie,20795,17395,425
Grayson,20669,17853,352
Tristan,20156,18124,254
Luis,19968,18096,234
Jace,19945,17417,316
Scarlett,19910,15326,573
Gianna,19888,14968,615
Khloe,19700,18284,177
Carson,19534,19534,0
Juan,19339,17995,168
Brody,19304,18752,69
Julia,19301,16581,340
Nolan,19185,16969,277
Kylie,19173,17085,261
Alexa,19090,17874,152
Kayla,19067,16299,346
Ariana,19010,14834,522
Max,18945,14945,500
Leo,18827,10499,1041
Alex,18778,16178,325
Asher,18573,13469,638
Genesis,18394,15442,369
Stella,18115,14987,391
Serenity,17948,15908,255
Carlos,17924,16356,196
Elias,17895,12479,677
Hudson,17706,15178,316
Makayla,17632,16800,104
Alexandra,17302,14558,343
Jesus,17161,15969,149
Eva,17099,13459,455
Katherine,17074,15634,180
Miles,17064,12840,528
Bryson,17047,15087,245
Vincent,17007,14839,271
Micah,16971,15651,165
Cole,16816,15912,113
Eric,16777,14737,255
Mackenzie,16647,15383,158
Lucy,16580,15028,194
Rachel,16472,10296,772
Lauren,16470,15526,118
Naomi,16469,13077,424
Autumn,16422,14942,185
Diego,16367,14719,206
Morgan,16321,15825,62
Aria,16246,11198,631
Damian,15994,14090,238
Madelyn,15918,14886,129
Skylar,15916,12660,407
Jasmine,15825,14209,202
Jaden,15754,14530,153
Sydney,15640,14944,87
Aidan,15606,13878,216
Melanie,15603,13611,249
Ellie,15533,13061,309
London,15416,14288,141
Violet,15385,12601,348
Kimberly,15306,13986,165
Faith,15258,14242,127
Madeline,15246,13510,217
Caroline,15202,14034,146
Penelope,15044,10148,612
Easton,15008,15008,0
Mateo,14995,10083,614
Maxwell,14960,12864,262
Ryder,14843,14347,62
Payton,14820,14820,0
Bryan,14793,13329,183
Bryce,14678,13494,148
Ashton,14677,12685,249
Steven,14669,12669,250
Giovanni,14661,12709,244
Maria,14512,12400,264
Jocelyn,14452,14020,54
Jaxson,14423,13199,153
Kennedy,14359,13727,79
Molly,14221,13261,120
Mila,14151,8887,658
Sara,14117,9245,609
Antonio,14049,12873,147
Kyle,13972,12372,200
Santiago,13969,12073,237
Andrea,13880,12856,128
Jonah,13865,11409,307
Kaleb,13853,12549,163
Trinity,13837,13413,53
Joel,13806,11510,287
Ruby,13793,11689,263
Leonardo,13781,10757,378
Bailey,13708,13628,10
Ivan,13706,11866,230
Sadie,13668,12404,158
Brian,13658,12378,160
Timothy,13539,12739,100
Colin,13467,12763,88
Miguel,13466,12370,137
Theodore,13454,7166,786
Brooke,13426,12754,84
Richard,13360,12128,154
Valentina,13355,8347,626
Jake,13325,11597,216
Esther,13158,5190,996
Rylee,13112,12376,92
Jeremy,13109,10597,314
Alejandro,13108,11892,152
Victor,13103,11559,193
Abraham,13076,7876,650
Lydia,13056,12272,98
Quinn,13039,11751,161
Nora,13035,10515,315
Nicole,12973,11125,231
Aubree,12950,12774,22
Luna,12930,5114,977
Axel,12847,9807,380
Destiny,12777,11889,111
Isabelle,12765,10757,251
Jade,12652,10692,245
Sean,12634,11810,103
Edward,12619,10763,232
Annabelle,12574,11894,85
Kaden,12564,12388,22
George,12495,9471,378
Alice,12478,9358,390
Kaiden,12444,10604,230
Marcus,12369,11105,158
Eliana,12364,8604,470
Patrick,12279,11311,121
Alan,12189,9629,320
Sawyer,12168,12088,10
Paige,12111,11279,104
Emmanuel,12110,9862,281
Preston,12091,11651,55
Natalia,11987,10955,129
Jesse,11975,11503,59
Wesley,11960,10360,200
Eleanor,11898,9242,332
Reagan,11869,11789,10
Angelina,11868,10396,184
Mya,11862,10998,108
Jordyn,11837,11389,56
Ezra,11834,8210,453
Mariah,11815,11639,22
Kai,11617,8281,417
Luca,11589,6061,691
Brady,11581,11405,22
Caden,11567,11295,34
Kaitlyn,11549,11109,55
Isabel,11533,9685,231
Liliana,11519,10303,152
Brielle,11487,9519,246
Lincoln,11456,10936,65
Charlie,11454,9742,214
Kendall,11438,11438,0
Roman,11396,9820,197
Piper,11353,11057,37
Oscar,11346,9370,247
Reese,11343,10815,66
Lilly,11285,11077,26
Mary,11229,10669,70
Camden,11198,11198,0
Gabrielle,11162,10322,105
Nicolas,11046,8774,284
Elena,11022,8398,328
Amir,10934,5686,656
Amy,10926,8854,259
Vanessa,10803,10051,94
Braxton,10800,10800,0
Mark,10774,9158,202
Valeria,10668,9540,141
Jessica,10601,9977,78
Jude,10590,9838,94
Cayden,10521,10073,56
Grant,10358,9886,59
Clara,10313,8697,202
Katelyn,10281,10281,0
Malachi,10249,9273,122
Vivian,10222,8798,178
Adriana,10184,8936,156
Michelle,10181,8373,226
Zion,10163,7331,354
Omar,10150,7774,297
Ariel,10125,7837,286
Rylan,10094,10094,0
Devin,10005,9653,44
Declan,9940,9268,84
Laila,9909,8709,150
Silas,9864,9560,38
Greyson,9852,7980,234
Gael,9808,6296,439
Aurora,9796,7220,322
Aliyah,9780,8740,130
Lyla,9674,8946,91
Jayce,9654,7254,300
Kenneth,9645,8949,87
Juliana,9600,8472,141
Eden,9461,8357,138
Miriam,9458,4018,680
Gage,9411,9411,0
Maddox,9404,9068,42
Paisley,9403,9403,0
Jaiden,9329,8665,83
Valerie,9328,7624,213
Rebecca,9275,8115,145
Derek,9264,8336,116
Jayla,9144,8016,141
Moshe,9113,1801,914
Josephine,9111,7311,225
Harrison,9094,7878,152
Jasper,9094,5182,489
Brooklynn,8984,8984,0
Summer,8969,7121,231
Peter,8911,7383,191
Emilia,8906,4522,548
Jennifer,8892,8420,59
Bradley,8866,8682,23
Paul,8840,8096,93
Melody,8835,6667,271
Stephanie,8807,8087,90
Mckenzie,8783,8615,21
Delilah,8722,7802,115
Ezekiel,8720,7568,144
Muhammad,8717,2125,824
Andres,8697,7905,99
Jorge,8674,8058,77
Cody,8622,8318,38
Gracie,8603,8523,10
Eduardo,8565,8109,57
Hadley,8508,8396,14
Emerson,8507,7955,69
Collin,8505,8505,0
Tanner,8490,8490,0
Amari,8306,6274,254
Kylee,8295,8295,0
Lila,8262,7230,129
Daniela,8236,6900,167
Dakota,8221,8133,11
Izabella,8205,8125,10
Weston,8200,8040,20
Makenzie,8175,8175,0
Amaya,8157,5605,319
Elise,8143,7591,69
Conner,8115,8115,0
Catherine,8111,7191,115
Elliot,8101,6197,238
Cora,7991,7351,80
Hazel,7973,6485,186
Seth,7961,7793,21
Javier,7952,7176,97
Gabriela,7922,6874,131
Calvin,7896,7320,72
Angela,7893,6773,140
Margaret,7880,6864,127
Cristian,7850,7202,81
Daisy,7837,7205,79
Tucker,7802,7802,0
Trevor,7800,7800,0
Emmett,7799,7191,76
Alana,7776,6968,101
Sienna,7762,5322,305
Josue,7747,6531,152
Skyler,7712,7632,10
Maximus,7709,6813,112
Melissa,7700,6916,98
Giselle,7647,7303,43
Israel,7629,6077,194
Erick,7541,6205,167
Rowan,7462,6638,103
Damien,7441,6969,59
Isla,7427,5507,240
Chaya,7427,1435,749
Jaylen,7423,6799,78
Travis,7408,7328,10
Abel,7404,6716,86
Ivy,7376,6008,171
Simon,7318,5670,206
Julianna,7310,6750,70
King,7300,4836,308
Jada,7290,7066,28
Kingston,7265,7065,25
Jameson,7236,6868,46
Myles,7223,6039,148
Garrett,7198,7198,0
Rose,7193,4601,324
Bennett,7192,6656,67
Jenna,7181,6885,37
Alaina,7175,7087,11
Keira,7171,6811,45
Megan,7153,7041,14
Lukas,7153,5857,162
Francisco,7138,6674,58
Leilani,7101,5213,236
Leila,7082,5618,183
Xander,7037,6421,77
Brantley,6997,6997,0
Everett,6988,6340,81
Diana,6953,5537,177
Haley,6939,6939,0
Rafael,6923,4923,250
Fiona,6911,5511,175
Alina,6877,4765,264
Willow,6867,6507,45
Stephen,6852,6308,68
Zane,6840,6312,66
Lucia,6826,5058,221
Aniyah,6817,6329,61
Harmony,6814,5862,119
Alivia,6801,6801,0
Fernando,6793,6481,39
Ximena,6784,6000,98
Spencer,6774,6286,61
Kate,6736,6560,22
Raymond,6735,5775,120
Ricardo,6715,6411,38
Londyn,6667,6067,75
Graham,6659,6059,75
Ryleigh,6646,6646,0
Eliza,6641,5521,140
Griffin,6635,6307,41
Ana,6629,5573,132
Cesar,6573,6141,54
Zayden,6567,5687,110
Martin,6566,5206,170
Adrianna,6564,6372,24
Manuel,6556,6068,61
Chance,6539,5987,69
Shane,6514,6298,27
Fatima,6491,4347,268
Ashlyn,6460,6460,0
Emery,6459,6363,12
Lorenzo,6439,4479,245
Jase,6392,6392,0
Ryker,6372,6372,0
Miranda,6365,6029,42
Cecilia,6358,5294,133
Ali,6342,4414,241
Corbin,6311,6311,0
Jeffrey,6298,5874,53
Edwin,6294,5670,78
Mario,6288,6088,25
Juliet,6280,4912,171
Dean,6226,5194,129
Katie,6223,6223,0
Kinley,6205,6205,0
Teagan,6193,6097,12
Jacqueline,6192,5896,37
Athena,6188,4548,205
Lola,6178,5546,79
Drake,6160,6160,0
Kinsley,6137,6137,0
Alayna,6134,5758,47
Allie,6111,6111,0
Elliott,6109,5413,87
Marley,6070,5894,22
Adalyn,6032,6032,0
Trenton,6030,6030,0
Alexandria,6010,6010,0
Landen,6002,6002,0
Hector,5986,5434,69
Keegan,5967,5967,0
Andre,5961,5721,30
Andy,5959,5095,108
Presley,5953,5953,0
Judah,5935,4863,134
Tessa,5933,5397,67
Camille,5923,5099,103
Amanda,5920,5248,84
Juliette,5875,3659,277
Brynn,5868,5868,0
Adeline,5863,4703,145
Finn,5855,4767,136
Hope,5852,5428,53
Felix,5834,4042,224
Maci,5831,5831,0
Edgar,5821,5533,36
Nina,5820,4076,218
Chaim,5815,1103,589
Ayla,5806,4142,208
Genevieve,5796,5300,62
Chelsea,5783,5255,66
Shelby,5758,5758,0
Marco,5755,4955,100
Leon,5715,3083,329
Norah,5693,5445,31
Danielle,5684,5588,12
Johnathan,5681,5681,0
Mikayla,5680,5680,0
Leslie,5669,5141,66
Callie,5652,5540,14
Emiliano,5634,4906,91
Makenna,5583,5583,0
Iris,5578,4314,158
Jared,5577,4993,73
Amber,5571,4867,88
Dominick,5570,5178,49
Phoenix,5544,4752,99
Dante,5541,4989,69
Drew,5533,5533,0
Arya,5517,2581,367
Mckenna,5515,5515,0
Kameron,5510,5070,55
Finley,5495,5399,12
Tyson,5454,5454,0
Alexia,5448,5448,0
Troy,5431,5431,0
Donovan,5403,5403,0
Maggie,5391,5391,0
Chana,5390,1222,521
Zander,5388,5388,0
Clayton,5362,5362,0
Briana,5345,4897,56
Cash,5337,5337,0
Louis,5334,3822,189
Addyson,5322,5322,0
Sabrina,5316,4828,61
Kyler,5267,5267,0
Shawn,5266,5178,11
Erin,5253,5157,12
Delaney,5248,5248,0
Caiden,5228,4868,45
Alicia,5213,4765,56
Jillian,5211,5211,0
Paxton,5210,5210,0
Dallas,5185,5017,21
Braylon,5175,5175,0
Arthur,5166,3382,223
Alison,5157,4621,67
Daniella,5129,4217,114
Brendan,5119,4879,30
Lexi,5107,5107,0
Tatum,5092,5092,0
Nyla,5089,3641,181
Lyric,5082,4738,43
August,5080,3480,200
Reid,5079,4743,42
Phoebe,5077,4053,128
Matteo,5077,2725,294
Braden,5074,5074,0
Johnny,5068,4988,10
Gregory,5063,4847,27
Emilio,5044,4340,88
Sergio,5029,4941,11
Rivka,5022,942,510
Emanuel,5012,4532,60
Kathryn,4989,4989,0
Kendra,4978,4978,0
Lia,4969,3281,211
Adelyn,4965,4629,42
Bianca,4958,4254,88
Angelo,4955,4267,86
Anderson,4951,4487,58
Kelsey,4934,4750,23
Georgia,4922,4242,85
Josie,4907,4907,0
Madeleine,4893,4077,102
Iker,4872,4184,86
Alondra,4866,4610,32
Cassidy,4852,4764,11
Justice,4837,4277,70
Kayleigh,4824,4824,0
Dalton,4822,4822,0
Laura,4808,4416,49
Mohamed,4806,2358,306
Paris,4802,4386,52
Milo,4799,3399,175
Ibrahim,4789,2133,332
Kaydence,4785,4785,0
Karter,4773,3549,153
Yosef,4773,1109,458
Jax,4764,4588,22
Erik,4755,4755,0
Carly,4747,4747,0
Ashlynn,4747,4747,0
Lane,4745,4745,0
Adalynn,4724,4724,0
Cadence,4712,4712,0
Kiara,4706,3794,114
Anastasia,4677,3781,112
Christina,4644,4524,15
Allyson,4643,4643,0
Mariana,4639,4175,58
Messiah,4633,2369,283
Holden,4631,4431,25
Sierra,4627,4627,0
Aden,4611,4531,10
Malia,4609,3793,102
Camryn,4587,4587,0
Abby,4582,4030,69
Joanna,4581,3805,97
Malik,4566,3902,83
Harley,4550,4366,23
Gia,4539,3603,117
Nadia,4535,4431,13
Kyla,4522,4434,11
Cruz,4513,4513,0
Pedro,4510,4054,57
Thiago,4507,995,439
River,4493,3941,69
Arabella,4491,4491,0
Fabian,4460,4380,10
Haylee,4456,4456,0
Marissa,4455,4455,0
Kamryn,4454,4454,0
Jazmin,4451,3907,68
Evangeline,4445,4125,40
Selena,4442,3810,79
Frank,4437,3957,60
Julius,4431,3551,110
Talia,4422,3078,168
Kenzie,4402,4234,21
Roberto,4392,4304,11
Cheyenne,4387,4387,0
Brennan,4383,4383,0
Gemma,4378,3490,111
Veronica,4360,4040,40
Vivienne,4360,3536,103
Kira,4351,3679,84
Lilah,4345,3985,45
Beau,4336,3896,55
Kyleigh,4328,4328,0
Ruth,4322,3618,88
Allen,4317,3701,77
Gunner,4311,4311,0
Heaven,4310,3830,60
Enzo,4309,2533,222
Lilliana,4211,4211,0
Ari,4195,2635,195
Sarai,4187,2787,175
Emely,4183,3231,119
Dawson,4162,4162,0
Kelly,4155,3795,45
Amira,4139,2283,232
Jayda,4138,3962,22
Alessandra,4138,3442,87
Giuliana,4137,3729,51
Lena,4136,3448,86
Yaretzi,4134,3742,49
Cali,4132,3524,76
Maximiliano,4122,3490,79
Mallory,4107,4107,0
Danna,4088,3248,105
Karen,4079,3887,24
Annabella,4070,4070,0
Esmeralda,4065,3673,49
Mordechai,4059,659,425
Joaquin,4046,3726,40
Jane,4039,3383,82
Miley,4038,4038,0
Derrick,4033,4033,0
Noelle,4025,3745,35
Marcos,4017,3569,56
Journey,4012,3476,67
Beckett,3997,3997,0
Sage,3982,3374,76
Madilyn,3979,3979,0
Eloise,3979,2891,136
Nova,3953,1385,321
Amiyah,3949,3381,71
Jazmine,3926,3926,0
Jamie,3926,3750,22
Milan,3918,2342,197
Annie,3917,3221,87
Desmond,3906,3506,50
Kamila,3890,2978,114
Macy,3882,3882,0
Grady,3878,3878,0
Brooks,3852,3444,51
Raegan,3844,3844,0
Colby,3819,3819,0
Maddison,3791,3791,0
Elliana,3780,3700,10
Aisha,3778,1682,262
Casey,3776,3776,0
Carmen,3761,3681,10
Ruben,3760,3760,0
Ismael,3757,2981,97
Olive,3754,3130,78
Aron,3754,1202,319
Heidi,3750,3750,0
Colt,3736,3736,0
Armani,3721,3441,35
Prince,3716,2140,197
Nehemiah,3707,3531,22
Solomon,3707,2355,169
Albert,3705,2657,131
Jayleen,3701,2861,105
Ariella,3701,1885,227
Noel,3693,2821,109
Jazlyn,3685,2941,93
Elle,3669,2933,92
Guadalupe,3664,3480,23
Alejandra,3663,3503,20
Maliyah,3646,3310,42
Angelica,3644,3196,56
Sasha,3644,3084,70
Walter,3634,3186,56
Brock,3633,3633,0
Romeo,3630,3470,20
Corey,3626,3626,0
Tiffany,3626,3346,35
Kara,3625,3625,0
Karina,3621,3533,11
Shimon,3619,587,379
Jett,3614,3614,0
Danny,3613,3293,40
Serena,3611,2651,120
Adriel,3603,2131,184
Ainsley,3579,3579,0
Breanna,3560,3560,0
Maverick,3559,3143,52
Adan,3557,3461,12
Elaina,3556,3556,0
Karla,3547,3163,48
Zara,3545,1841,213
Adelaide,3542,3310,29
Braylen,3540,3540,0
Jayson,3518,3262,32
Sloane,3518,2342,147
Anaya,3506,2338,146
Pablo,3503,3087,52
Nayeli,3499,3171,41
Rylie,3498,3498,0
Dillon,3497,3497,0
Brynlee,3496,3496,0
April,3496,2952,68
Waylon,3479,3479,0
Yehuda,3467,739,341
Amina,3459,1467,249
Arielle,3442,2594,106
Leland,3435,3435,0
Caitlyn,3434,3434,0
Brycen,3429,3429,0
Marshall,3421,3421,0
Yitzchok,3411,523,361
Jakob,3409,3329,10
Cohen,3405,3405,0
Miracle,3381,2477,113
Hanna,3380,2828,69
Bethany,3371,3371,0
Itzel,3358,2822,67
Crystal,3353,3273,10
Mariam,3353,1665,211
Aubrie,3349,3349,0
Baylee,3342,3342,0
Karson,3340,3340,0
Philip,3340,2716,78
Aleah,3339,2891,56
Devon,3338,3338,0
Titus,3337,3337,0
Matias,3328,1512,227
Reed,3323,3323,0
Kellen,3321,3321,0
Imani,3321,2985,42
Cade,3316,3316,0
Trey,3313,3313,0
Adonis,3303,1111,274
Scarlet,3300,3108,24
Kyra,3279,3167,14
Kali,3270,2614,82
Armando,3268,3268,0
Macie,3265,3265,0
Nylah,3258,2442,102
Fernanda,3239,3151,11
Phillip,3237,3237,0
Menachem,3229,637,324
Rory,3223,2543,85
Yisroel,3223,687,317
June,3222,2574,81
Maryam,3220,1388,229
Tristen,3214,3214,0
Ahmed,3212,1828,173
Francesca,3210,2378,104
Janiyah,3206,2950,32
Michaela,3202,2890,39
Ronald,3196,3196,0
Julio,3189,3077,14
Enrique,3177,3177,0
Esteban,3176,2888,36
Kellan,3175,3175,0
Julissa,3170,2962,26
Keith,3167,3167,0
Kyrie,3159,1063,262
Daphne,3155,2651,63
Mohammed,3151,1639,189
Hugo,3150,2374,97
Rocco,3148,2636,64
Liana,3148,2084,133
Jay,3141,2789,44
Julie,3134,3054,10
Madisyn,3128,3048,10
Kailey,3125,3029,12
Gerardo,3123,3123,0
Katelynn,3118,3118,0
Addisyn,3114,3114,0
Lucille,3105,2833,34
Audrina,3101,3101,0
Randy,3091,2907,23
Kaelyn,3088,3088,0
Scott,3087,2999,11
Maximilian,3076,2356,90
Darius,3074,2994,10
Cynthia,3068,2764,38
Alaia,3068,52,377
Aniya,3065,2873,24
Courtney,3061,3061,0
Raul,3048,3048,0
Gitty,3042,442,325
Savanna,3038,3038,0
Vera,3032,2176,107
Madelynn,3031,3031,0
Brittany,3030,2854,22
Anya,3025,2825,25
Landyn,3019,3019,0
Cassandra,3017,3017,0
Dustin,3014,3014,0
Mohammad,3013,1485,191
Caitlin,3009,3009,0
Jaylah,3009,2921,11
Carolina,3009,2841,21
Yusuf,3004,1284,215
Trent,3002,3002,0
Keaton,2996,2996,0
Jaime,2996,2996,0
Joselyn,2995,2907,11
Archer,2989,2509,60
Ada,2975,2279,87
Raelynn,2974,2974,0
Tate,2971,2971,0
Kaylie,2968,2888,10
Janelle,2967,2967,0
Helen,2956,2780,22
Maeve,2950,2054,112
Charlee,2939,2939,0
Zuri,2935,1359,197
Celeste,2933,2517,52
Faigy,2928,400,316
Toby,2924,1540,173
Braydon,2921,2921,0
Samara,2921,1833,136
Camilla,2920,2552,46
Melany,2903,2535,46
Saul,2896,2680,27
Nasir,2896,1776,140
Tiana,2894,2894,0
Kendrick,2877,2477,50
Catalina,2868,2068,100
Dexter,2863,2863,0
Remington,2861,2861,0
Jimena,2854,2662,24
Myla,2851,2771,10
Elisa,2851,2491,45
Monica,2844,2844,0
Brylee,2844,2844,0
Legend,2843,819,253
Kolton,2836,2836,0
Jerry,2829,2573,32
Donald,2827,2827,0
Aylin,2827,2387,55
Nia,2824,2336,61
Jessie,2818,2818,0
Holly,2818,2818,0
Reece,2816,2816,0
Gideon,2813,2733,10
Knox,2811,2811,0
Dayana,2802,2402,50
Moises,2796,2268,66
Kaia,2789,1805,123
Braelyn,2778,2778,0
Kaylin,2776,2776,0
Ronan,2775,2191,73
Sam,2775,1911,108
Nico,2771,1859,114
Skye,2770,2570,25
Mathew,2765,2557,26
Lana,2764,2524,30
Chris,2764,2380,48
Orion,2758,2406,44
Celine,2758,838,240
Madalyn,2754,2754,0
Uriel,2748,2188,70
Walker,2746,2746,0
Rebekah,2745,2745,0
Alani,2736,1592,143
Darren,2734,2494,30
Kason,2727,2727,0
Kamari,2727,2263,58
Khalil,2720,2168,69
Damon,2718,2718,0
Colten,2709,2709,0
Angie,2709,2397,39
Jaelyn,2707,2707,0
Haven,2698,2698,0
Jonas,2691,2131,70
Briella,2683,2483,25
Kade,2681,2681,0
Barrett,2672,2672,0
Izaiah,2664,2664,0
Chandler,2664,2664,0
Joy,2660,2316,43
Adele,2651,1571,135
Tony,2645,2645,0
Malky,2643,315,291
Quentin,2642,2642,0
Larry,2641,2641,0
Jamari,2634,2418,27
Malka,2631,527,263
Mckinley,2628,2628,0
Zariah,2627,2331,37
Rivky,2624,264,295
Rodrigo,2617,2529,11
Johan,2615,2031,73
Ayaan,2615,1199,177
Shiloh,2613,2077,67
Theo,2611,907,213
Jaylin,2605,2421,23
Kiley,2604,2604,0
Tatiana,2601,2601,0
Jaliyah,2599,2495,13
Hayley,2598,2518,10
Russell,2596,2596,0
Elsie,2594,2594,0
Kailyn,2584,2584,0
Eve,2578,1986,74
Angelique,2573,2477,12
Cyrus,2571,2107,58
Annalise,2569,2177,49
Amara,2565,1749,102
Moses,2564,1892,84
Lacey,2560,2560,0
Bristol,2554,2554,0
Rosalie,2552,2552,0
Alanna,2545,2193,44
Abram,2544,2544,0
Zaiden,2528,2408,15
Dennis,2524,2524,0
Lilian,2523,2443,10
Jimmy,2522,2434,11
Noa,2516,892,203
Adelynn,2513,2345,21
Leonel,2512,2224,36
Leighton,2511,2511,0
Jasmin,2511,2511,0
Kadence,2510,2510,0
Viviana,2507,2427,10
Ace,2504,1712,99
Aileen,2503,2167,42
Porter,2496,2496,0
Shlomo,2493,493,250
Davis,2491,2491,0
Meir,2480,400,260
Marilyn,2479,2479,0
Kennedi,2475,2475,0
Kassidy,2474,2474,0
Mitchell,2463,2463,0
Kamden,2460,2460,0
Dahlia,2458,2082,47
Kobe,2455,2143,39
Gustavo,2446,2446,0
Aleena,2446,1998,56
Rayan,2445,1229,152
Tzvi,2431,407,253
Sylvia,2424,2056,46
Gracelyn,2418,2418,0
Zachariah,2417,2417,0
Brayan,2414,2310,13
Alec,2408,2408,0
Jalen,2405,2405,0
Anabelle,2405,2405,0
Dulce,2396,2396,0
Tenley,2394,2394,0
Skyla,2390,2070,40
Averie,2386,2386,0
Lindsey,2385,2385,0
Lillie,2385,2385,0
Ellis,2384,1944,55
Bridget,2381,2381,0
Danica,2375,2375,0
Maia,2359,1527,104
Lexie,2352,2352,0
Issac,2342,2342,0
Rhys,2338,2058,35
Luciana,2336,1824,64
Lilyana,2335,2335,0
Pierce,2335,2143,24
Journee,2334,1606,91
Priscilla,2330,2330,0
Erica,2330,2330,0
Curtis,2329,2329,0
Beatrice,2324,1428,112
Mikaela,2320,2144,22
Alvin,2317,1717,75
Atticus,2314,2314,0
Jayceon,2313,1969,43
Lea,2313,1745,71
Alberto,2298,2298,0
Zev,2296,424,234
Shmuel,2295,559,217
Baila,2293,341,244
Mekhi,2291,1971,40
Arturo,2289,2209,10
Isaias,2285,1837,56
Ryland,2284,2284,0
Luka,2284,1236,131
Frederick,2279,1847,54
Johanna,2268,2268,0
Lauryn,2268,2188,10
Annika,2268,2172,12
Remy,2265,1289,122
Malcolm,2264,2080,23
Estrella,2259,2259,0
Kenley,2257,2257,0
Bruce,2256,2256,0
Raphael,2250,1330,115
Amalia,2247,807,180
Alma,2242,1138,138
Arjun,2240,1784,57
Yahir,2230,2230,0
Marlee,2224,2224,0
Emilee,2224,2224,0
Gunnar,2223,2223,0
Raizy,2223,319,238
Elian,2222,830,174
Caylee,2221,2221,0
Kieran,2216,1768,56
Kaliyah,2210,2026,23
Simone,2207,1559,81
Lawrence,2205,2205,0
Yaakov,2202,570,204
Yakov,2195,347,231
Bryant,2194,2106,11
Ricky,2191,2191,0
Siena,2187,1627,70
Amani,2186,2106,10
Marvin,2182,2182,0
Aarav,2179,1675,63
Gianni,2176,2000,22
Aspen,2173,2173,0
Avraham,2171,443,216
Cason,2170,2170,0
Ezequiel,2168,1696,59
Raelyn,2164,2164,0
Dane,2163,2163,0
Brenden,2162,2162,0
Annabel,2157,2053,13
Lizbeth,2155,1835,40
Natasha,2145,2145,0
Kiera,2144,2144,0
Zackary,2143,2143,0
Mauricio,2143,2143,0
Aliya,2133,1533,75
Alyson,2132,2132,0
Bailee,2130,2130,0
Lorelei,2124,2124,0
Hamza,2124,1140,123
Nikolas,2119,2039,10
Alijah,2118,2118,0
Jaycee,2112,2112,0
Frances,2112,1288,103
Brenda,2107,2107,0
Major,2105,1681,53
Alfredo,2090,2010,10
Warren,2088,2088,0
Melina,2088,1800,36
Gwendolyn,2087,2087,0
Erika,2086,2086,0
Gloria,2084,2084,0
Orlando,2080,2080,0
Jamison,2077,2077,0
Finnegan,2077,1997,10
Byron,2072,1912,20
Maurice,2070,2070,0
Nataly,2069,2069,0
Helena,2065,1897,21
Paola,2059,2059,0
Francis,2059,1579,60
Brinley,2051,2051,0
Anahi,2051,2051,0
Kimora,2049,1657,49
Abdullah,2049,1033,127
Madyson,2048,2048,0
Ahmad,2046,1678,46
Sidney,2044,1956,11
Libby,2042,1002,130
Jaelynn,2032,2032,0
Quincy,2022,1846,22
Mathias,2022,1174,106
Jadiel,2021,1213,101
Channing,2019,2019,0
Talon,2016,2016,0
Cullen,2009,2009,0
Hallie,2007,2007,0
Jacoby,2006,2006,0
Lance,2005,2005,0
Emmalyn,2005,2005,0
Pearl,2001,1153,106
Devorah,1999,351,206
Madilynn,1996,1996,0
Liberty,1995,1995,0
Raven,1989,1989,0
Shayla,1986,1986,0
Everly,1984,1248,92
Aryanna,1977,1977,0
Whitney,1976,1976,0
Kasen,1976,1976,0
Virginia,1974,1878,12
Alia,1971,1323,81
Kash,1969,1881,11
Amare,1967,1967,0
Anika,1960,1872,11
Tenzin,1959,319,205
Brenna,1956,1956,0
Ciara,1949,1949,0
Kristopher,1948,1948,0
Dina,1939,531,176
Margot,1934,670,158
Leyla,1932,1372,70
Rhett,1926,1926,0
Yareli,1926,1846,10
Anne,1922,1922,0
Selah,1918,1918,0
Jaylynn,1918,1918,0
Shaindy,1917,293,203
Kairo,1914,58,232
Zain,1912,1088,103
Tori,1910,1646,33
Lainey,1902,1902,0
Franklin,1900,1900,0
Farrah,1899,1899,0
Santino,1889,1329,70
Leia,1887,1399,61
Joe,1886,1886,0
Janiya,1883,1883,0
Elsa,1882,1882,0
Evie,1882,1682,25
Kelvin,1878,1678,25
Gary,1877,1877,0
Irene,1876,1508,46
Dana,1868,1772,12
Perla,1867,1867,0
Brett,1866,1866,0
Braeden,1863,1863,0
Nathalie,1860,1860,0
Julien,1853,1557,37
Matilda,1853,1349,63
Quinton,1849,1849,0
Tobias,1848,1848,0
Isabela,1848,1664,23
Mira,1839,1335,63
Elyse,1836,1836,0
Anabella,1835,1835,0
Regina,1834,1834,0
Deandre,1834,1834,0
Sullivan,1833,1833,0
Douglas,1832,1832,0
Conor,1832,1632,25
Marie,1829,1829,0
Rosa,1828,1716,14
Laney,1827,1827,0
Dorian,1827,1827,0
Desiree,1826,1826,0
Abbigail,1824,1824,0
Nash,1823,1823,0
Zoie,1822,1822,0
Claudia,1822,1822,0
Miah,1819,1723,12
Ariah,1819,995,103
Evelynn,1815,1815,0
Eliezer,1815,591,153
Ramon,1813,1813,0
Nelson,1809,1625,23
Colette,1807,1143,83
Raquel,1806,1614,24
Aryan,1804,1228,72
Sincere,1792,1408,48
Nancy,1787,1787,0
Royce,1787,1675,14
Yitty,1785,201,198
Yael,1784,992,99
Charley,1783,1783,0
Roy,1783,1687,12
Harlow,1782,1686,12
Willa,1778,1154,78
Kaylynn,1777,1777,0
Eddie,1776,1776,0
Harry,1774,1150,78
Omari,1772,1220,69
Kane,1771,1771,0
Rosemary,1767,1671,12
Amelie,1764,1556,26
Millie,1757,1349,51
Jensen,1752,1752,0
Elisabeth,1752,1752,0
Aldo,1751,1751,0
Rohan,1749,1581,21
Terry,1748,1748,0
Abdiel,1748,876,109
Salvador,1746,1746,0
Jaylee,1746,1746,0
Alonzo,1742,1742,0
Natalee,1740,1740,0
Dominik,1737,1737,0
Denise,1737,1649,11
Wilson,1734,1486,31
Madalynn,1733,1733,0
Clark,1733,1645,11
Eileen,1731,1163,71
Cannon,1730,1730,0
Sariah,1723,1643,10
Marina,1720,1616,13
Halle,1716,1716,0
Roger,1715,1715,0
Boston,1715,1715,0
Korbin,1710,1710,0
Hailee,1707,1707,0
Ernesto,1706,1706,0
Hadassah,1706,1122,73
Teresa,1704,1704,0
Maleah,1703,1703,0
Emmy,1703,1255,56
Lawson,1702,1702,0
Asa,1697,1697,0
Giana,1695,1695,0
Kristian,1692,1692,0
Zayn,1688,264,178
Raiden,1686,1686,0
Sherlyn,1685,1429,32
Myah,1682,1682,0
Nickolas,1679,1679,0
Isis,1676,1676,0
Luciano,1674,1402,34
Lina,1674,1066,76
Uriah,1664,1664,0
Layne,1664,1664,0
Landry,1664,1664,0
Wade,1663,1663,0
Meredith,1662,1662,0
Jazlynn,1662,1662,0
Saniyah,1662,1542,15
Alissa,1661,1661,0
Amya,1659,1659,0
Jaxton,1656,1656,0
Arely,1656,1656,0
Keyla,1654,1206,56
Madden,1647,1647,0
Keagan,1644,1644,0
Mollie,1643,1563,10
Sandra,1642,1642,0
Nathanael,1638,1638,0
Linda,1638,1638,0
Danika,1638,1638,0
Jefferson,1638,1294,43
Shaya,1635,195,180
Cecelia,1632,1632,0
Kathleen,1629,1629,0
Carl,1629,1629,0
Greta,1628,1540,11
Ben,1626,1082,68
Case,1621,1621,0
Marc,1620,1476,18
Ember,1619,1619,0
Ally,1618,1618,0
Kian,1616,1528,11
Marisol,1614,1614,0
Karlee,1609,1609,0
Clarissa,1609,1609,0
Sury,1608,144,183
Kenya,1603,1603,0
Edith,1600,1264,42
Janessa,1599,1599,0
Demetrius,1599,1599,0
Zainab,1599,791,101
Kassandra,1594,1594,0
Davion,1592,1592,0
Jaylene,1591,1495,12
Blakely,1588,1588,0
Braiden,1587,1587,0
Salvatore,1587,787,100
Dominique,1583,1583,0
Amiya,1582,1582,0
Aiyana,1582,1582,0
Dov,1582,294,161
Malakai,1580,1580,0
Emersyn,1580,1580,0
Rodney,1579,1579,0
Kayson,1577,1409,21
Cara,1575,1575,0
Chany,1573,197,172
Kristen,1572,1572,0
Gracelynn,1565,1565,0
Emory,1565,1565,0
Lesly,1565,1389,22
Aliza,1564,908,82
Blaine,1559,1559,0
Ansley,1559,1559,0
Xzavier,1553,1553,0
Kaylani,1553,521,129
Briley,1552,1552,0
Lilianna,1548,1548,0
Joslyn,1548,1548,0
Terrance,1547,1547,0
Noe,1547,1547,0
Milani,1542,646,112
Trace,1541,1541,0
Joey,1540,1540,0
Brodie,1540,1540,0
Zahra,1539,843,87
Paityn,1538,1538,0
Lindsay,1538,1538,0
Deacon,1532,1532,0
Alessandro,1532,1268,33
Chava,1532,324,151
Patricia,1530,1530,0
Jamarion,1530,1530,0
Mendel,1530,218,164
Felicity,1528,1528,0
Lylah,1526,1526,0
Cairo,1525,221,163
Elisha,1524,1524,0
Hindy,1524,236,161
Camron,1522,1522,0
Chad,1517,1517,0
Carmelo,1517,1517,0
Arlo,1517,805,89
Malaysia,1516,1516,0
Asia,1516,1516,0
Laylah,1512,1512,0
Cataleya,1512,1272,30
Jasiah,1509,1205,38
Bria,1505,1505,0
Amirah,1505,1161,43
Cindy,1503,1503,0
Allan,1503,1271,29
Livia,1495,1239,32
Emilie,1494,1494,0
Shaun,1493,1493,0
Braylee,1491,1491,0
Lailah,1489,1489,0
Lucian,1487,1487,0
Kristina,1487,1487,0
Jaxen,1486,1486,0
Jon,1486,1406,10
Beckham,1485,1485,0
Alessia,1485,517,121
Bryanna,1482,1482,0
Alisha,1480,1112,46
Mckayla,1477,1477,0
Giovani,1477,1477,0
Callen,1474,1474,0
Zayne,1472,1472,0
Ivanna,1471,1255,27
Wendy,1469,1469,0
Campbell,1469,1469,0
Karsyn,1464,1464,0
Neil,1464,1272,24
Zaire,1464,760,88
Braelynn,1462,1462,0
Jaida,1461,1461,0
Melvin,1455,1455,0
Jeffery,1454,1454,0
Kiana,1453,1453,0
Lara,1452,980,59
Kallie,1449,1449,0
Yasmin,1448,1448,0
Fatoumata,1448,224,153
Christine,1447,1447,0
Ayanna,1444,1444,0
Meghan,1444,1252,24
Shea,1444,852,74
Bentlee,1441,1441,0
Maxim,1436,1116,40
Leanna,1432,1432,0
Amaia,1430,174,157
Kailee,1425,1425,0
Micheal,1422,1422,0
Noemi,1421,1421,0
Mariyah,1421,1421,0
Hana,1420,1116,38
Shulem,1418,194,153
Ellen,1414,1414,0
Dayton,1414,1414,0
Jaidyn,1411,1411,0
Samir,1410,1026,48
Guillermo,1409,1409,0
Jaydon,1408,1408,0
Tabitha,1406,1406,0
Winston,1403,1107,37
Diamond,1400,1400,0
Tomas,1400,1232,21
Adelina,1399,1199,25
Clare,1398,1398,0
Makai,1397,1197,25
Juniper,1396,1036,45
Jermaine,1395,1395,0
Aliana,1392,1392,0
Ean,1392,792,75
Kehlani,1392,0,174
Kourtney,1391,1391,0
Kaleigh,1390,1390,0
Adrienne,1388,1388,0
Esme,1385,809,72
Liv,1384,736,81
Alayah,1380,1380,0
Leonard,1380,1180,25
Shannon,1379,1379,0
Paloma,1378,1202,22
Matthias,1375,1095,35
Elaine,1373,1293,10
Celia,1364,1276,11
Taryn,1362,1362,0
Jadyn,1362,1362,0
Ayleen,1356,1252,13
Jonathon,1355,1355,0
Alonso,1352,1176,22
Dariel,1352,608,93
Elianna,1351,1239,14
Milana,1350,878,59
Layton,1349,1349,0
Taliyah,1347,1347,0
Lisa,1346,1346,0
Emelia,1345,1345,0
Antonella,1345,561,98
Semaj,1344,1344,0
Iliana,1342,1342,0
Tommy,1340,1340,0
Charleigh,1340,1340,0
Memphis,1337,1337,0
Willie,1335,1335,0
Carlee,1335,1335,0
Remi,1335,831,63
Aimee,1334,1334,0
Cory,1333,1333,0
Felipe,1325,1237,11
Kaitlynn,1324,1324,0
Sylas,1321,1321,0
Noor,1321,737,73
Goldy,1319,159,145
Reginald,1318,1318,0
Nikolai,1318,1318,0
Bobby,1318,1318,0
Raylan,1316,1316,0
Brisa,1314,1314,0
Alaya,1314,1042,34
Reyna,1313,1313,0
Javon,1313,1313,0
Jael,1312,976,42
Kylan,1311,1311,0
Jolie,1311,1311,0
Alena,1311,1311,0
Simcha,1310,190,140
Demi,1304,1144,20
Tripp,1303,1303,0
Rex,1303,1303,0
Daxton,1302,1302,0
Aydin,1300,1220,10
Terrence,1299,1299,0
Elin,1298,1298,0
Cherish,1298,1298,0
Mae,1298,1210,11
Alisson,1298,1138,20
Triston,1292,1292,0
Kareem,1292,1108,23
Martha,1290,1290,0
Jocelynn,1286,1286,0
Addilyn,1286,1286,0
Azariah,1285,1205,10
Jagger,1283,1283,0
Sterling,1281,1281,0
Terrell,1280,1280,0
Jamir,1279,975,38
Zaria,1278,1190,11
Kale,1277,1277,0
Janae,1277,1277,0
Jordynn,1276,1276,0
Zaniyah,1275,1275,0
Carolyn,1274,1274,0
Charli,1271,1271,0
Billy,1269,1269,0
Valentino,1268,980,36
Saniya,1267,1267,0
Kynlee,1267,1267,0
Rihanna,1266,1266,0
Marlon,1266,1266,0
Corinne,1264,1264,0
Lewis,1263,1263,0
Lee,1262,1262,0
Heather,1262,1262,0
Mercedes,1261,1261,0
Nechama,1261,325,117
Esty,1260,92,146
Dovid,1258,322,117
Jemma,1256,1256,0
Chanel,1252,1172,10
Analia,1252,908,43
Eliyahu,1248,368,110
Arham,1247,95,144
Kailani,1242,706,67
Lennon,1241,1241,0
Benson,1241,1241,0
Luz,1239,1047,24
Zechariah,1237,1237,0
Kasey,1237,1237,0
Devyn,1237,1237,0
Emmalee,1235,1235,0
Lennox,1235,1043,24
Will,1234,1234,0
Shia,1233,273,120
Blair,1231,1071,20
Bently,1228,1228,0
America,1228,1228,0
Kole,1226,1226,0
Cristopher,1226,1146,10
Lorelai,1225,1225,0
Leandro,1225,865,45
Malaya,1222,1222,0
Aryana,1222,1222,0
Kensley,1219,1219,0
Winter,1218,1010,26
Jamal,1210,1210,0
Yousef,1210,706,63
Kody,1207,1207,0
Macey,1206,1206,0
Kaya,1204,1204,0
Urijah,1203,1203,0
Destinee,1203,1203,0
Ulises,1202,1202,0
Jadon,1201,1201,0
Saige,1201,1057,18
Ray,1198,1198,0
Jayde,1197,1197,0
Tristian,1196,1196,0
Dax,1193,1193,0
Yaritza,1193,1113,10
Barbara,1192,1192,0
Wynter,1187,571,77
Rene,1182,1182,0
Lillianna,1181,1181,0
Zariyah,1179,1179,0
Soren,1178,1178,0
Paulina,1178,1178,0
Mara,1172,1092,10
Hayes,1172,1092,10
Aryeh,1171,275,112
Stanley,1168,1168,0
Ronnie,1168,1168,0
Tegan,1166,1166,0
Niko,1166,1166,0
Gerald,1165,1165,0
Abril,1165,1165,0
Sonia,1163,1163,0
Renata,1163,1163,0
Odin,1163,1163,0
Julianne,1163,1163,0
Sariyah,1162,890,34
Yadiel,1162,634,66
Carla,1160,1160,0
Giovanna,1158,1078,10
Haleigh,1154,1154,0
Louisa,1153,577,72
Hattie,1152,1152,0
Kenny,1149,1069,10
Deborah,1147,1147,0
Paula,1145,1145,0
Hank,1145,1145,0
Giada,1145,1145,0
Myra,1145,1041,13
Rochel,1145,321,103
Lipa,1143,151,124
Mindy,1142,286,107
Taraji,1141,1141,0
Nathaly,1141,1141,0
Musa,1141,421,90
Jenny,1138,1138,0
Krystal,1137,1137,0
Kyndall,1134,1134,0
Zaid,1133,637,62
Angeline,1132,1132,0
Darian,1131,1131,0
Edison,1131,971,20
Avrohom,1131,339,99
Susan,1130,1130,0
Keily,1127,647,60
Regan,1126,1126,0
Kaitlin,1126,1126,0
Isiah,1121,1121,0
Dwayne,1121,1121,0
Frankie,1118,1118,0
Kimber,1114,1114,0
Aydan,1114,1114,0
Bowen,1113,1113,0
Lamar,1112,1112,0
Camdyn,1110,1110,0
Marquis,1108,1108,0
Vicente,1107,1107,0
Suri,1106,650,57
Oakley,1105,1105,0
Mina,1105,1105,0
Nola,1103,1103,0
Kaiya,1103,1103,0
Bryn,1097,1097,0
Emmitt,1096,1096,0
Yechiel,1096,216,110
Averi,1094,1094,0
Salma,1093,1093,0
Blima,1093,173,115
Kolby,1091,1091,0
Alyvia,1091,1091,0
Carlie,1090,1090,0
Aya,1090,746,43
Sharon,1089,1089,0
Paislee,1087,1087,0
Kendal,1086,1086,0
Leona,1086,1006,10
Renee,1084,996,11
Karissa,1083,1083,0
Pessy,1083,163,115
Patience,1080,1080,0
Aurelia,1078,790,36
Giovanny,1077,1077,0
Branson,1076,1076,0
Vihaan,1076,980,12
Rogelio,1075,1075,0
Jana,1075,755,40
Bracha,1075,227,106
Roland,1074,1074,0
Rashad,1074,1074,0
Lilia,1074,994,10
Ishaan,1074,898,22
Valery,1074,762,39
Bodhi,1074,714,45
Kaylen,1073,1073,0
Alexzander,1070,1070,0
Yocheved,1070,238,104
Raina,1069,1069,0
Princeton,1069,877,24
Miya,1068,868,25
Jerome,1067,1067,0
Kymani,1064,1064,0
Deanna,1063,1063,0
Ryann,1060,1060,0
Diya,1059,891,21
Syed,1059,467,74
Rayna,1057,1057,0
Kyson,1056,1056,0
Jaqueline,1056,1056,0
Deshawn,1056,1056,0
Tamia,1054,1054,0
Tristin,1051,1051,0
Augustus,1050,1050,0
Khadija,1050,322,91
Samiyah,1049,1049,0
Tara,1047,1047,0
Avah,1044,1044,0
Moriah,1043,1043,0
Kaylyn,1043,1043,0
Carley,1041,1041,0
Darrell,1039,1039,0
Sky,1037,1037,0
Rachael,1035,1035,0
Jewel,1035,939,12
Arian,1033,1033,0
Akiva,1033,241,99
Dixie,1032,1032,0
Brent,1032,1032,0
Conrad,1031,1031,0
Naftali,1031,151,110
Gauge,1030,1030,0
Jakayla,1029,1029,0
Vincenzo,1029,941,11
Clay,1027,1027,0
Rayne,1024,1024,0
Davin,1024,1024,0
Princess,1023,927,12
Hassan,1023,839,23
Poppy,1023,351,84
Abbie,1022,1022,0
Ariyah,1022,758,33
Camren,1021,1021,0
Batsheva,1021,421,75
Cedric,1020,1020,0
Javion,1019,1019,0
Ingrid,1019,1019,0
Yamileth,1018,1018,0
Shaniya,1015,1015,0
Yesenia,1013,1013,0
Draven,1013,1013,0
Otto,1013,805,26
Hershy,1013,133,110
Marcelo,1010,898,14
Maliah,1009,1009,0
Lilyanna,1009,1009,0
Audriana,1009,1009,0
Bruno,1008,1008,0
Roselyn,1005,1005,0
Jairo,1005,1005,0
Casen,1004,1004,0
Adrien,1003,1003,0
Royal,1003,539,58
Markus,1002,1002,0
Crosby,1002,1002,0
Larissa,1001,1001,0
Sloan,998,998,0
Natalya,997,997,0
Ayesha,997,301,87
Yides,994,130,108
Cristina,993,993,0
Saanvi,993,913,10
Sonny,993,641,44
Adina,993,313,85
Kenna,992,992,0
Aidyn,992,992,0
Nixon,991,991,0
Osvaldo,990,990,0
Azaria,990,990,0
Bryleigh,989,989,0
Kenzo,989,197,99
Tyrone,986,986,0
Cheyanne,985,985,0
Ayana,985,985,0
Dalia,982,806,22
Zayan,981,205,97
Britney,980,980,0
Sarahi,979,883,12
Karlie,976,976,0
Branden,976,976,0
Aubri,976,976,0
Haylie,975,975,0
Gisselle,975,975,0
Zissy,975,111,108
Westin,971,971,0
Yehudis,971,219,94
Bronson,969,969,0
Giancarlo,968,968,0
Alannah,967,967,0
Coraline,966,966,0
Araceli,966,966,0
Jazmyn,965,965,0
Wayne,964,964,0
Mayson,964,964,0
Galilea,964,964,0
Aaden,961,961,0
Kamiyah,961,697,33
Alfonso,960,960,0
Davian,959,959,0
Junior,959,871,11
Lilith,957,957,0
Joyce,957,957,0
Brendon,957,957,0
Sanai,956,676,35
Zavier,955,955,0
Kolten,952,952,0
Craig,951,951,0
Alisa,951,839,14
Maritza,950,950,0
Avi,950,510,55
Milania,948,948,0
Marcel,948,852,12
Brennen,947,947,0
Ayan,946,458,61
Eugene,944,944,0
Mustafa,943,679,33
Youssef,942,382,70
Duncan,941,941,0
Chace,941,941,0
Judith,940,940,0
Charity,940,940,0
Kingsley,940,716,28
Steve,939,939,0
Rudy,939,939,0
Aleigha,936,936,0
Zoya,935,503,54
Hayleigh,933,933,0
Henny,932,124,101
Marianna,931,931,0
Kairi,928,928,0
Jorden,927,927,0
Tess,926,926,0
Aubrianna,926,926,0
Kirsten,925,925,0
Mayer,925,149,97
Blaze,924,924,0
Mamadou,924,164,95
Karis,923,923,0
Sanaa,921,921,0
Killian,921,921,0
Akira,920,920,0
Belen,918,918,0
Shmiel,918,110,101
Kenia,915,915,0
Alden,915,915,0
Frida,915,715,25
Cailyn,914,914,0
Karma,913,913,0
Aviana,910,910,0
Riya,909,909,0
Kaeden,907,907,0
Dorothy,907,907,0
Yoselin,903,903,0
Thalia,903,903,0
Harvey,903,903,0
Darwin,902,902,0
Elina,902,630,34
Temperance,901,901,0
Jolene,899,899,0
Vance,898,898,0
Jovanni,897,897,0
Mabel,897,785,14
Misael,896,896,0
Samira,896,704,24
Meadow,895,895,0
India,894,814,10
Shoshana,893,309,73
Lev,891,179,89
Blimy,890,130,95
Gavyn,889,889,0
Carleigh,889,889,0
Fraidy,888,136,94
Sutton,887,887,0
Yoel,887,295,74
Ronin,886,886,0
Jovani,886,886,0
Stacy,886,798,11
Zyaire,886,550,42
Van,885,885,0
Camilo,885,669,27
Ann,884,884,0
Quintin,883,883,0
Laurel,883,883,0
Usher,882,146,92
Maximo,881,801,10
Kinsey,879,879,0
Lionel,878,878,0
Jaycob,878,654,28
Jaylyn,877,877,0
Azalea,875,875,0
Louise,875,387,61
Tianna,874,874,0
Kaelynn,874,874,0
Samson,873,873,0
Marisa,873,873,0
Johnathon,871,871,0
Mattie,868,868,0
Adyson,868,868,0
Heidy,868,780,11
Rayden,867,867,0
Nahla,867,867,0
Kayleen,867,763,13
Charlize,866,866,0
Kori,864,768,12
Jair,864,752,14
Rolando,861,861,0
Estelle,861,685,22
Damarion,860,860,0
Ramiro,858,858,0
Estella,858,858,0
Reign,856,192,83
Kamron,855,855,0
Ruchy,855,79,97
Abbey,854,854,0
Eason,853,221,79
Leonidas,852,852,0
Kora,851,851,0
Neveah,850,850,0
Fisher,850,850,0
Litzy,850,770,10
Konner,849,849,0
Carissa,849,849,0
Jean,849,753,12
Jamar,848,848,0
Maison,848,552,37
Kylah,847,847,0
Abrielle,847,847,0
Reina,847,759,11
Esperanza,846,846,0
Aminata,846,182,83
Belinda,844,844,0
Yehoshua,844,236,76
Ashtyn,843,843,0
Mike,842,754,11
Sylvie,842,442,50
Kelsie,839,839,0
Alaysia,839,839,0
Thea,839,447,49
Ireland,838,838,0
Fletcher,838,838,0
Callum,838,838,0
Justus,837,837,0
Liba,837,93,93
Bree,836,836,0
Selina,836,676,20
Heath,835,835,0
Naftuli,835,75,95
Marlene,834,834,0
Shloimy,833,65,96
Antoine,832,832,0
Anabel,832,832,0
Astrid,831,671,20
Rosie,831,535,37
Makena,830,830,0
Valentin,830,742,11
Mendy,830,94,92
Harold,829,829,0
Kiersten,827,827,0
Damion,827,827,0
Stefan,827,747,10
Alvaro,825,825,0
Inaaya,825,121,88
Shlome,825,81,93
Katrina,823,823,0
Emmalynn,823,823,0
Cale,823,823,0
Kyndal,822,822,0
Deangelo,822,822,0
Yara,821,613,26
Idy,821,53,96
Inaya,820,228,74
Lillyana,819,819,0
Austyn,819,819,0
Krish,818,818,0
Konnor,818,818,0
Annabell,818,818,0
Rodolfo,817,817,0
Avianna,817,817,0
Randall,816,816,0
Aliah,816,664,19
Ralph,816,568,31
Micaela,815,719,12
Evalyn,814,814,0
Milena,812,812,0
Crew,810,810,0
Trevon,809,809,0
Kailynn,809,809,0
Jaeden,809,809,0
Isabell,808,808,0
Tia,807,807,0
Faiga,807,183,78
Tinley,806,806,0
Cambria,806,806,0
Vienna,806,702,13
Karly,803,803,0
Julieta,802,802,0
Jacquelyn,802,802,0
Emmaline,802,802,0
Coleman,802,802,0
Franco,801,721,10
Scarlette,800,800,0
Azul,800,800,0
Xiomara,800,704,12
Yandel,799,799,0
Jacey,799,799,0
Cain,798,798,0
Bayleigh,798,798,0
Caydence,797,797,0
Joelle,796,716,10
Giavanna,795,795,0
Xavi,794,794,0
Nala,794,538,32
Seamus,793,793,0
Ameer,792,680,14
Keenan,791,791,0
Shalom,789,181,76
Ellison,788,788,0
Flynn,787,787,0
Amos,787,787,0
Samiya,786,786,0
Nathalia,784,784,0
Annalee,783,783,0
Freya,783,607,22
Laniyah,782,782,0
Lazer,780,92,86
Yazmin,779,779,0
Tania,778,778,0
Arnav,778,778,0
Kendyl,777,777,0
Joziah,777,689,11
Gilberto,776,776,0
Mylee,775,775,0
Imran,774,318,57
Mercy,773,773,0
Brogan,773,773,0
Malak,773,581,24
Amora,773,453,40
Francesco,772,380,49
Raylee,771,771,0
Shira,769,281,61
Audrianna,768,768,0
Janet,766,766,0
Amaris,766,766,0
Rhea,766,598,21
Antonia,765,685,10
Neymar,764,764,0
Braylin,762,762,0
Aanya,762,762,0
Devora,760,176,73
Karleigh,759,759,0
Dalilah,759,759,0
Yamilet,758,758,0
Aditya,758,758,0
Shyla,757,757,0
Wren,756,756,0
Makhi,755,755,0
Milagros,754,754,0
Jaleah,754,754,0
Gibson,754,754,0
Roxanne,752,752,0
Noam,751,263,61
Aubrielle,750,750,0
Morris,750,190,70
Yuliana,749,749,0
Vaughn,749,749,0
Jamya,749,749,0
Amayah,749,565,23
Marleigh,748,748,0
Kyree,747,747,0
Hendrix,747,747,0
Gwyneth,747,747,0
Elissa,746,746,0
Carina,746,746,0
Layan,745,233,64
Harlee,744,744,0
Ashanti,744,744,0
Masen,743,743,0
Dream,743,151,74
Kamdyn,742,742,0
Jedidiah,739,739,0
Lyra,737,737,0
Efrain,737,737,0
Dilan,737,657,10
Treasure,736,736,0
Monserrat,734,734,0
Mayra,733,733,0
Kaley,733,733,0
Robin,732,732,0
Monroe,732,732,0
Jamiyah,732,732,0
Demarcus,732,732,0
Brentley,731,731,0
Dior,731,419,39
Shania,729,729,0
Anson,729,425,38
Pamela,727,727,0
Khadijah,727,231,62
Egypt,726,318,51
Essence,725,725,0
Efraim,725,157,71
Callan,723,723,0
Dania,720,720,0
Brice,720,720,0
Ashlee,720,720,0
Geraldine,718,718,0
Mariama,718,142,72
Jaylon,717,717,0
Hezekiah,717,717,0
Damaris,716,716,0
Rubi,715,715,0
Kamille,715,715,0
Bradyn,715,715,0
Berkley,715,715,0
Todd,714,714,0
Freddy,714,714,0
Tinsley,713,713,0
Izayah,713,713,0
Rowen,712,712,0
Tyrell,711,711,0
Cassius,711,711,0
Leigha,710,710,0
Jabari,710,710,0
Derick,710,710,0
Aiyanna,709,709,0
Jessa,708,708,0
Theresa,707,707,0
Etty,707,91,77
Brecken,705,705,0
Emani,704,704,0
Nalani,704,624,10
Lianna,704,624,10
Gittel,704,160,68
Izabelle,703,703,0
Gilbert,702,702,0
Elvis,700,564,17
Rey,699,699,0
Isai,699,699,0
Zachery,696,696,0
Perry,696,392,38
Deegan,694,694,0
Thaddeus,693,693,0
Sofie,693,693,0
Amiah,692,692,0
Ernest,691,691,0
Rayyan,689,409,35
Santos,688,688,0
Clinton,687,687,0
Deon,686,686,0
Carsyn,686,686,0
Aubriana,686,686,0
Anais,686,582,13
Armaan,686,518,21
Lizeth,685,685,0
Janiah,685,685,0
Harmoni,684,684,0
Alianna,684,684,0
Cael,683,683,0
Pinchas,683,91,74
Tyree,682,682,0
Iyanna,682,682,0
Abagail,680,680,0
Eliel,679,327,44
Agustin,677,677,0
Addie,677,677,0
Karmen,675,675,0
Darnell,675,675,0
Houston,674,674,0
Rebeca,673,673,0
Kaleah,673,673,0
Cortez,673,673,0
Violeta,672,672,0
Saint,672,0,84
Aracely,671,671,0
Hawa,671,159,64
Collins,670,670,0
Hershel,670,110,70
Bridger,669,669,0
Janice,669,589,10
Raizel,669,149,65
Nailah,668,492,22
Stevie,667,579,11
Miller,666,666,0
Arden,666,666,0
Gavriel,666,162,63
Zaniya,664,664,0
Aharon,664,184,60
Shaylee,663,663,0
Kierra,663,663,0
Juelz,663,663,0
Carmine,663,375,36
Maxton,662,662,0
Haiden,662,662,0
Benton,662,662,0
Shyanne,661,661,0
Payten,660,660,0
Kaidence,659,659,0
Promise,658,658,0
Dario,658,658,0
Ahuva,658,234,53
Cayson,657,657,0
Jordin,656,656,0
Honesty,655,655,0
Davon,655,655,0
Montserrat,655,559,12
Jaslyn,654,574,10
Ayat,654,62,74
Sydnee,653,653,0
Maren,653,653,0
Keon,653,653,0
Donte,652,652,0
Damari,652,652,0
Faye,652,572,10
Arlette,652,444,26
Bruchy,650,66,73
Abigale,649,649,0
Maite,646,646,0
Ivana,646,646,0
Denisse,646,494,19
Emir,646,358,36
Kaylah,645,645,0
Aven,645,645,0
Roderick,644,644,0
Kamilah,644,644,0
Gretchen,644,644,0
Blaise,644,644,0
Yossi,644,68,72
Chavy,643,67,72
Saylor,642,642,0
Delia,642,642,0
Hugh,641,641,0
Dani,639,639,0
Preslee,638,638,0
Karli,638,638,0
Eitan,638,198,55
Elisheva,638,182,57
Maylee,637,637,0
Darryl,637,637,0
Kalani,637,549,11
Farah,637,477,20
Nicolette,637,469,21
Magdalena,636,636,0
Anders,636,636,0
Darien,635,635,0
Yasmine,634,634,0
Ailyn,633,633,0
Avrum,633,81,69
Lucca,632,632,0
Lorena,632,632,0
Kaila,632,632,0
Enoch,632,632,0
Sholom,632,120,64
Zackery,631,631,0
Marin,631,631,0
Stephany,629,629,0
Mack,628,628,0
Annette,628,628,0
Leela,628,548,10
Aviva,628,180,56
Leilah,627,627,0
Magnolia,626,626,0
Ignacio,624,624,0
Alfred,624,624,0
Golda,624,80,68
Gwen,623,623,0
Aarush,623,623,0
Hinda,623,87,67
Annelise,622,622,0
Lillyanna,621,621,0
Brenton,621,621,0
Unique,619,619,0
Briar,619,619,0
Tamara,618,618,0
Johann,618,618,0
Jenesis,618,618,0
Reilly,616,616,0
Bonnie,616,616,0
Idris,615,311,38
Zeke,614,614,0
Pierre,614,614,0
Areli,614,614,0
Abrianna,614,614,0
Elayna,610,610,0
Maryjane,609,609,0
Gracyn,608,608,0
Darlene,608,608,0
Baylor,608,608,0
Turner,607,607,0
Deven,606,606,0
Christiana,606,606,0
Chasity,605,605,0
Perel,605,101,63
Malaki,604,604,0
Sally,603,603,0
Dangelo,603,603,0
Shreya,602,602,0
Howard,602,602,0
Fallon,602,602,0
Broderick,602,602,0
Jazzlyn,601,601,0
Pyper,600,600,0
Irvin,600,600,0
Jurnee,599,599,0
Sunny,598,598,0
Rylen,598,598,0
Katalina,598,598,0
Anjali,597,597,0
Mariela,596,596,0
Iyana,596,596,0
Cristiano,596,596,0
Makiyah,594,594,0
Kohen,593,593,0
Cristal,593,593,0
Yair,591,591,0
Soraya,591,591,0
Asha,591,591,0
Amia,591,591,0
Truman,590,590,0
Jakobe,590,590,0
Gaige,590,590,0
Alanah,589,589,0
Frimet,589,61,66
Ross,587,587,0
Leroy,587,587,0
Kayley,587,587,0
Shloime,587,67,65
Luisa,586,586,0
Ivory,586,586,0
Ananya,586,586,0
Taniyah,585,585,0
Cheskel,585,57,66
Kadyn,584,584,0
Jeramiah,584,584,0
Eliot,584,584,0
Aayan,584,208,47
Yaretzy,583,583,0
Quinten,583,583,0
Kyron,583,583,0
Calista,583,583,0
Abbygail,583,583,0
Jariel,583,383,25
Selene,582,582,0
Ellianna,581,581,0
Shaina,581,205,47
Nigel,580,580,0
Humberto,580,580,0
Jad,580,276,38
Pinchus,580,60,65
Karley,579,579,0
Gino,579,579,0
Clementine,579,467,14
Shaindel,579,107,59
Tanya,578,578,0
Maribel,578,578,0
Eliseo,578,578,0
Shifra,578,130,56
Moishe,578,90,61
Zahir,577,377,25
Cayla,575,575,0
Cassie,575,575,0
Tyrese,574,574,0
Jayvion,574,574,0
Hadlee,574,574,0
Evangelina,574,574,0
Aditi,574,574,0
Naya,573,477,12
Vivien,572,572,0
Reuben,571,571,0
Kaidyn,571,571,0
Donna,570,570,0
Kamren,569,569,0
Everleigh,569,569,0
Emmie,569,569,0
Ariya,569,569,0
Daleyza,569,465,13
Frady,568,40,66
Emmeline,567,567,0
Chyna,567,567,0
Sima,566,126,55
Penny,565,565,0
Leena,565,565,0
Kamya,564,564,0
Graysen,562,562,0
Clarence,560,560,0
Kabir,560,176,48
Annaliese,559,559,0
Emme,557,557,0
Hersh,557,77,60
Savanah,556,556,0
Mylah,556,556,0
Kalia,556,556,0
Brittney,556,556,0
Precious,555,555,0
Adley,555,555,0
Binyomin,555,131,53
Jerimiah,554,554,0
Briggs,553,553,0
Anniston,553,553,0
Santana,552,552,0
Carsen,552,552,0
Jaquan,550,550,0
Evelin,550,550,0
Ellery,550,550,0
Yitzchak,550,118,54
Sarina,548,548,0
Benzion,548,68,60
Kamora,547,547,0
Jaron,547,547,0
Henley,547,547,0
Skylah,547,363,23
Arleth,547,347,25
Keyon,546,546,0
Anton,546,546,0
Umar,546,194,44
Ariyana,545,545,0
Yadira,544,544,0
Soleil,544,544,0
Dimitri,544,544,0
Abdul,544,336,26
Nazir,543,367,22
Jaziel,543,335,26
Shevy,543,39,63
Titan,542,542,0
Taj,542,542,0
Duke,542,542,0
Rileigh,541,541,0
Karsen,541,541,0
Carlo,541,541,0
Arlene,541,541,0
Laith,541,269,34
Pranav,540,540,0
Dion,540,460,10
Manha,540,172,46
Mariano,539,539,0
Cordelia,539,539,0
Antwan,539,539,0
Nikhil,538,538,0
Veda,537,537,0
Anneliese,537,537,0
Emerie,536,536,0
Trystan,535,535,0
Sonya,535,535,0
Keila,535,535,0
Jamiya,535,535,0
Jaslene,534,534,0
Desirae,534,534,0
Immanuel,533,533,0
Corban,533,533,0
Ashleigh,533,533,0
Jaydan,532,532,0
Otis,532,372,20
Shaila,531,531,0
Joan,531,531,0
Zelda,531,251,35
Maxx,530,530,0
Alexus,530,530,0
Malayah,528,528,0
Kloe,528,528,0
Dayanna,527,527,0
Jaydin,526,526,0
Jaedyn,526,526,0
Silvia,525,525,0
Jovan,525,525,0
Lucero,524,524,0
Celina,524,524,0
Maxine,523,523,0
Harleigh,523,523,0
Devan,523,523,0
Jeremias,523,435,11
Nyasia,522,522,0
Maddie,522,522,0
Kya,522,522,0
Bode,522,522,0
Lilyann,521,521,0
Kinlee,521,521,0
Brynley,521,521,0
Jericho,520,520,0
Addilynn,520,520,0
Ryley,519,519,0
Melinda,519,519,0
Simeon,518,518,0
Octavio,517,517,0
Naima,517,517,0
Garrison,517,517,0
Tzipora,517,117,50
Siddharth,516,516,0
Nyah,516,516,0
Yahya,516,428,11
Jalynn,515,515,0
Yariel,515,339,22
Langston,514,514,0
Hadleigh,514,514,0
Kael,513,513,0
Izzabella,513,513,0
Augustine,513,513,0
Sheldon,512,512,0
Denzel,512,512,0
Priya,510,510,0
Kianna,510,510,0
Forrest,510,510,0
Caleigh,510,510,0
Allisson,510,510,0
Susana,509,509,0
Ephraim,509,509,0
Adolfo,509,509,0
Keeley,508,508,0
Lathan,507,507,0
Duvid,506,58,56
Ulysses,505,505,0
Demarion,505,505,0
Analise,504,504,0
Koen,503,503,0
Caelyn,503,503,0
Brookelynn,503,503,0
Zack,502,502,0
Yarely,502,502,0
Miyah,501,501,0
Harlan,501,501,0
Aiza,501,197,38
Maksim,500,500,0
Jovanny,500,500,0
German,499,499,0
Taylin,498,498,0
Daylen,498,498,0
Dashawn,498,498,0
Gianluca,497,417,10
Tiara,496,496,0
Avani,496,496,0
Keely,495,495,0
Joslynn,495,495,0
Yvette,493,493,0
Romina,493,493,0
Londynn,493,493,0
Gerard,493,493,0
Dhruv,493,493,0
Ayva,493,493,0
Mireya,492,492,0
Vivianna,491,491,0
Rilynn,491,491,0
Marlie,491,491,0
Cierra,490,490,0
Brysen,490,490,0
Abigayle,489,489,0
Leilany,489,409,10
Raya,488,488,0
Leticia,488,488,0
Krista,487,487,0
Gordon,487,487,0
Elmer,487,487,0
Brayson,487,487,0
Samaya,486,486,0
Nikita,486,486,0
Jaclyn,486,486,0
Grecia,486,486,0
Elimelech,486,118,46
Tina,485,405,10
Abner,484,484,0
Reem,484,196,36
Ashly,483,483,0
Lucinda,482,482,0
Kylen,482,482,0
Avalyn,482,482,0
Grey,482,402,10
Baruch,481,121,45
Rita,480,480,0
Lamont,480,480,0
Lachlan,480,480,0
Coen,480,480,0
Chelsey,480,480,0
Imona,480,0,60
Josh,479,479,0
Audra,479,479,0
Amyah,479,479,0
Shirley,478,478,0
Leif,478,478,0
Anisa,478,398,10
Giuseppe,478,286,24
Peighton,477,477,0
Mika,477,477,0
Laniya,477,477,0
Khaleesi,477,293,23
Maura,476,476,0
Adela,476,476,0
Ramona,475,475,0
Marian,475,475,0
Marcello,475,475,0
Makaylah,475,475,0
Khalid,475,475,0
Estevan,475,475,0
Axton,475,475,0
Marquise,474,474,0
Jesiah,474,474,0
Atlas,474,378,12
Aedan,473,473,0
Chesky,473,57,52
Nashla,473,41,54
Sheila,472,472,0
Gillian,472,472,0
Breindy,472,72,50
Reuven,471,55,52
Destin,470,470,0
Ronaldo,469,469,0
Gina,469,469,0
Sami,469,381,11
Thatcher,468,468,0
Elya,468,36,54
Toni,467,467,0
Neriah,467,467,0
Slade,466,466,0
Kyan,466,466,0
Shloma,466,42,53
Taniya,465,465,0
Shaniyah,465,465,0
Zyon,464,464,0
Robyn,464,464,0
Chevy,463,463,0
Oumou,463,71,49
Nichole,462,462,0
Marion,462,462,0
Kalel,462,462,0
Rocky,461,461,0
Hailie,460,460,0
Amariah,460,460,0
Geovanni,459,459,0
Unknown,458,458,0
Reynaldo,458,458,0
Kooper,458,458,0
Carrie,458,458,0
Antony,458,458,0
Elvin,458,378,10
Nariah,457,457,0
Jersey,457,457,0
Aniston,457,457,0
Georgina,457,273,23
Susanna,456,456,0
Jamarcus,456,456,0
Cristofer,456,456,0
Colleen,456,456,0
Boden,456,456,0
Abdulloh,456,0,57
Kathy,455,455,0
Samaria,454,454,0
Colbie,454,454,0
Apollo,454,454,0
Maisie,454,342,14
Capri,453,453,0
Bridgette,453,453,0
Bernard,453,453,0
Leora,453,125,41
Ziva,452,452,0
Kinslee,452,452,0
Karl,452,452,0
Shaul,452,84,46
Veer,451,347,13
Yisrael,451,131,40
Jannat,451,131,40
Glenn,450,450,0
Canaan,450,450,0
Treyvon,449,449,0
Ever,449,449,0
Chiara,449,369,10
Karim,448,448,0
Sammy,448,360,11
Kaycee,447,447,0
Izabel,447,447,0
Elora,447,447,0
Adalee,447,447,0
Katy,446,446,0
Maylin,445,445,0
Marjorie,445,445,0
Lidia,445,445,0
Meilech,445,53,49
Shayna,444,444,0
Holland,444,444,0
Benicio,444,444,0
Alora,444,444,0
Scout,443,443,0
Magnus,443,443,0
Aubriella,443,443,0
Jordon,442,442,0
Yaseen,442,362,10
Maycee,441,441,0
Isha,441,441,0
Dale,441,441,0
Margarita,440,440,0
Jailyn,440,440,0
Hillary,440,440,0
Gannon,440,440,0
Addalyn,440,440,0
Ford,440,360,10
Stetson,439,439,0
Kannon,439,439,0
Johana,439,439,0
Bilal,439,439,0
Alli,439,439,0
Ariyanna,438,438,0
Ares,438,438,0
Lesley,437,437,0
Kase,437,437,0
Rivkah,437,61,47
Lacie,436,436,0
Korbyn,436,436,0
Kenzi,436,436,0
Viktor,436,356,10
Kayli,435,435,0
Itzayana,435,435,0
Eddy,435,435,0
Stephan,434,434,0
Katerina,434,434,0
Brighton,434,434,0
Frieda,434,50,48
Clyde,433,433,0
Bishop,433,433,0
Kristin,432,432,0
Stacey,431,431,0
Milton,431,431,0
Leeland,431,431,0
Gonzalo,431,431,0
Elly,431,431,0
Vladimir,430,430,0
Samya,430,430,0
Roxana,430,430,0
Jamel,429,429,0
Tallulah,429,341,11
Guy,429,341,11
Perl,429,61,46
Zavion,428,428,0
Domenic,428,428,0
Marcella,427,427,0
Eunice,427,427,0
Deasia,427,427,0
Coral,427,427,0
Mikel,426,426,0
Judson,426,426,0
Adilene,426,426,0
Shamar,425,425,0
Syeda,425,129,37
Makaila,423,423,0
Lucie,423,423,0
Kalea,423,423,0
Graeme,423,423,0
Carmella,423,423,0
Mayte,422,422,0
Jarrett,422,422,0
Jaleel,422,422,0
Jai,422,422,0
Elyssa,422,422,0
Destini,422,422,0
Andreas,422,422,0
Nayla,422,318,13
Anabia,422,30,49
Anita,421,421,0
Anish,421,421,0
Amarion,421,421,0
Vince,420,420,0
Jencarlos,420,420,0
Ethen,420,420,0
Ismail,420,332,11
Rosalyn,419,419,0
Carli,419,419,0
Vida,418,418,0
Kamiya,418,418,0
Belle,418,418,0
Dillan,417,417,0
Denver,417,417,0
Lucien,416,416,0
Cristobal,416,416,0
Maddux,415,415,0
Jovie,415,415,0
Graciela,415,415,0
Foster,415,415,0
Evalynn,415,415,0
Berl,415,23,49
Nick,414,414,0
Jarvis,414,414,0
Dereck,414,414,0
Nya,413,413,0
Laci,413,413,0
Dayanara,413,413,0
Isaak,412,412,0
Cornelius,412,412,0
Heavenly,412,300,14
Sahana,411,411,0
Lanie,411,411,0
Kadin,411,411,0
Joselin,411,411,0
Citlali,410,410,0
Adamaris,410,410,0
Whitley,409,409,0
Keanu,409,409,0
Gwenyth,409,409,0
Carol,409,409,0
Britton,409,409,0
Keshawn,408,408,0
Jackeline,408,408,0
Coby,407,407,0
Alyse,407,407,0
Abdoulaye,407,71,42
Delanie,405,405,0
Amerie,405,405,0
Rigoberto,404,404,0
Jazelle,404,404,0
Kaysen,403,403,0
Lian,403,219,23
Nava,403,99,38
Yaneli,402,402,0
Stone,402,402,0
Rishi,402,402,0
Blanca,402,402,0
Kyran,401,401,0
Katia,401,401,0
Tristyn,400,400,0
Kamarion,400,400,0
Ira,400,400,0
Sahara,399,399,0
Nelly,399,399,0
Oskar,399,311,11
Safwan,399,39,45
Aleeah,398,398,0
Jovany,397,397,0
Dariana,397,397,0
Oumar,397,61,42
Goldie,397,53,43
Mikael,396,396,0
Kenleigh,396,396,0
Kelton,396,396,0
Jordy,396,396,0
Brissa,396,396,0
Annaleigh,396,396,0
Mouhamed,396,44,44
Vivaan,395,395,0
Brandi,395,395,0
Ariadne,395,395,0
Geneva,394,394,0
Fredrick,394,394,0
Estefany,394,394,0
Zaira,393,393,0
Talan,393,393,0
Makenzi,393,393,0
Estefania,393,393,0
Nadine,392,392,0
Dua,392,32,45
Xochitl,391,391,0
Maximillian,391,391,0
Colson,391,391,0
Florence,391,159,29
Arianny,390,390,0
Shayan,390,142,31
Zayd,389,389,0
Josselyn,389,389,0
Corbyn,389,389,0
Serafina,389,221,21
Zaylee,388,388,0
Tayla,388,388,0
Beatrix,388,388,0
Addelyn,388,388,0
Shyann,387,387,0
Mariajose,387,387,0
Justine,387,387,0
Dalila,387,387,0
Nathen,386,386,0
Kenyon,386,386,0
Adilyn,386,386,0
Adiel,386,210,22
Avigail,386,130,32
Zahara,385,385,0
Jaya,385,385,0
Maiya,384,384,0
Kaci,384,384,0
Darla,384,384,0
Brantlee,384,384,0
Ayah,384,384,0
Avalynn,384,384,0
Adilynn,384,384,0
Ester,384,296,11
Zalmen,384,64,40
Mariella,383,383,0
Kensington,383,383,0
Aida,383,383,0
Rosalia,383,207,22
Tremaine,382,382,0
Noelia,382,382,0
Mikah,382,382,0
Abrar,382,38,43
Rian,381,381,0
Linnea,381,381,0
Theodora,381,125,32
Roizy,381,53,41
Jaylani,380,180,25
Andi,379,379,0
Abygail,379,379,0
Judy,379,299,10
Alba,379,291,11
Romy,379,99,35
Gisele,378,378,0
Finnley,378,378,0
Beatriz,378,378,0
Ibrahima,378,82,37
Rylynn,377,377,0
Lillyan,377,377,0
Audree,377,377,0
Ahron,377,121,32
Katarina,376,376,0
Cormac,376,376,0
Angely,376,376,0
Hillel,376,72,38
Amar,375,375,0
Safa,375,191,23
Yida,375,55,40
Jayvon,374,374,0
Tatianna,373,373,0
Elia,373,373,0
Raniyah,372,372,0
Eliam,372,92,35
Aissatou,372,68,38
Colter,371,371,0
Aminah,371,371,0
Laken,370,370,0
Aleksander,370,370,0
Lillyann,369,369,0
Jakari,369,369,0
Jionni,368,368,0
Jackie,368,368,0
Bernardo,368,368,0
Jacobi,367,367,0
Ema,367,367,0
Rayleigh,366,366,0
Nachman,366,78,36
Yahaira,365,365,0
Sandy,365,365,0
Jahmir,364,364,0
Michal,364,172,24
Elana,363,363,0
Bodie,363,363,0
Ewan,362,362,0
Eleni,362,362,0
Anaiah,362,362,0
Seraphina,360,360,0
Makinley,360,360,0
Braedyn,360,360,0
Mackenna,359,359,0
Keller,359,359,0
Kacey,359,359,0
Devonte,359,359,0
Sheyla,358,358,0
Viola,357,357,0
Malina,357,357,0
Lilyan,357,357,0
Benny,357,357,0
Tyshawn,356,356,0
Lela,356,356,0
Kenton,356,356,0
Gentry,356,356,0
Amal,356,116,30
Vianney,355,355,0
Lacy,355,355,0
Javian,355,355,0
Harmonie,355,355,0
Zaden,354,354,0
Kelis,354,354,0
Ariadna,354,258,12
Ridge,353,353,0
Lenny,353,353,0
Emerald,353,353,0
Adelle,353,353,0
Lizette,352,352,0
Ila,352,352,0
Malika,352,104,31
Fradel,352,80,34
Zhuri,352,0,44
Isadora,351,351,0
Efren,351,351,0
Ophelia,351,255,12
Massimo,350,350,0
Fabiola,350,350,0
Darcy,350,350,0
Brynna,350,350,0
Ayala,350,54,37
Taya,349,349,0
Savion,349,349,0
Jaycie,349,349,0
Moishy,349,21,41
Sebastien,348,348,0
Norman,348,348,0
Karolina,348,348,0
Irving,348,348,0
Eryn,348,348,0
Betty,348,348,0
Moussa,348,76,34
Rocio,347,347,0
Raheem,347,347,0
Monique,347,347,0
Gizelle,347,347,0
Kye,346,346,0
Drayden,346,346,0
Alize,346,346,0
Tobin,345,345,0
Jazmyne,345,345,0
Alton,345,345,0
Tracy,344,344,0
Della,344,344,0
Nestor,343,343,0
Leanne,343,343,0
Jianna,343,343,0
Anayah,343,343,0
Alexandro,343,343,0
Josslyn,342,342,0
Jiselle,342,342,0
Constance,342,342,0
Keren,341,341,0
Janie,341,341,0
Vicky,341,261,10
Azaan,341,125,27
Said,340,340,0
Emmet,340,340,0
Daria,340,252,11
Miabella,339,339,0
